review_id,business_id,star_costomer,useful,funny,cool,text,city,label,latitude,longitude,star_business,review_count,attributes,categories,year
oB9eJjjNNwRYNVR-eeZkGg,q2sbzd5Z7Bi8pkmCyr-Umw,5,0,0,0,"What's there to say about Mitch and this company? He's a stand up guy. Whenever something happened at a rental property, or my personal property in Orange County, he would make the drive no problem and wouldn't complain! He'd make the drive and give me an honest opinion of what needs to be fixed or done! When he said he'd be there, he was there!

Mitch even helped my parents. My parents needed an entire unit replaced and he gave them the best price and beat others by thousands! Overall he's a very nice guy, and honest/straight up.  Whenever he came to Cerritos, Yorba Linda, Irvine, or Castaic, he really listened, and was very thorough. Whether it ended up being a big job or small job, he let me know what truly the issue was! He's a person I would definitely do business with again and again!",Santa Barbara ,positive,34.43800285,-119.680571,5,39,"{'BusinessAcceptsBitcoin': 'False', 'BusinessAcceptsCreditCards': 'True'}",Water Heater Installation/Repair,2021
eBrzdQxaEfVSVlYunmjFpw,3sfbro345HWIgU0EzyymcQ,5,0,0,0,Highly recommend for chronic pain. Anthony is caring and thorough. Great experience overall!,Santa Barbara,positive,34.4285744,-119.7118381,5,14,"{'BusinessAcceptsCreditCards': 'True', 'ByAppointmentOnly': 'True'}",Acupuncture,2020
h-CkyJrOrWc4DL2KPQGKXg,f3eve2cxUIzyanWnHdMtFQ,4,0,0,0,This place was so good! Everything tasted so fresh. We tried a variety of items. El Pastor tacos... the meat was over cooked which was disappointing. The beans were surprisingly delicious. The fried plantan was really yummy but it wasn't warm as I thought it would be. Also wasn't very crispy. Everything was still really great and will definitely be back.,Santa Barbara,positive,34.4236075,-119.7070539,4.5,813,"{'Alcohol': ""u'beer_and_wine'"", 'RestaurantsAttire': ""'casual'"", 'DriveThru': 'False', 'GoodForMeal': ""{'dessert': False, 'latenight': False, 'lunch': True, 'dinner': True, 'brunch': None, 'breakfast': False}"", 'ByAppointmentOnly': 'False', 'HasTV': 'False', 'RestaurantsGoodForGroups': 'True', 'DogsAllowed': 'False', 'GoodForKids': 'True', 'RestaurantsPriceRange2': '2', 'WiFi': ""u'free'"", 'HappyHour': 'True', 'NoiseLevel': ""u'loud'"", 'RestaurantsTableService': 'False', 'Caters': 'False', 'RestaurantsReservations': 'False', 'RestaurantsDelivery': 'True', 'RestaurantsTakeOut': 'True', 'BusinessAcceptsCreditCards': 'True', 'Ambience': ""{u'divey': False, u'hipster': True, u'casual': True, u'touristy': None, u'trendy': True, u'intimate': False, u'romantic': False, u'classy': True, u'upscale': False}"", 'BusinessParking': ""{'garage': True, 'street': True, 'validated': False, 'lot': False, 'valet': False}"", 'OutdoorSeating': 'True', 'WheelchairAccessible': 'True', 'BikeParking': 'True'}",Restaurants,2021
VJ4B7pG-mK_8rrVksl7ptQ,CoZ2mpsMBP8HUG1ymKoZTg,5,0,0,0,"I usually never write reviews, but we had such an incredible meal last night at Opal that i wanted to let others know. Everything was wonderful from the outdoor seating, with live music, the staff, and especially the food! My husband got the salmon and I got the special which was Chilean sea bass. The sea bass was the most delicious meal that I've had in a very long time. The salmon was also very very good. My husband got the Clooney drink which was also amazing! I highly recommend coming here!",Santa Barbara,positive,34.4247634,-119.7067564,4,954,"{'NoiseLevel': ""u'average'"", 'BusinessParking': ""{'garage': False, 'street': True, 'validated': False, 'lot': False, 'valet': False}"", 'BikeParking': 'True', 'Corkage': 'True', 'BYOBCorkage': ""'yes_corkage'"", 'Caters': 'True', 'RestaurantsReservations': 'True', 'RestaurantsPriceRange2': '2', 'RestaurantsGoodForGroups': 'True', 'BusinessAcceptsCreditCards': 'True', 'RestaurantsTakeOut': 'True', 'WiFi': ""u'free'"", 'HasTV': 'False', 'Alcohol': ""'full_bar'"", 'BestNights': ""{'monday': False, 'tuesday': False, 'friday': True, 'wednesday': False, 'thursday': False, 'sunday': True, 'saturday': True}"", 'Ambience': ""{'touristy': False, 'hipster': False, 'romantic': True, 'divey': False, 'intimate': False, 'trendy': False, 'upscale': False, 'classy': True, 'casual': False}"", 'GoodForDancing': 'False', 'Music': ""{'dj': False, 'background_music': False, 'no_music': False, 'jukebox': False, 'live': False, 'video': False, 'karaoke': False}"", 'DriveThru': 'True', 'WheelchairAccessible': 'True', 'GoodForMeal': ""{'dessert': None, 'latenight': False, 'lunch': None, 'dinner': True, 'brunch': False, 'breakfast': False}"", 'GoodForKids': 'True', 'RestaurantsTableService': 'True', 'OutdoorSeating': 'True', 'DogsAllowed': 'True', 'Smoking': ""u'no'"", 'RestaurantsAttire': ""u'dressy'"", 'RestaurantsDelivery': 'True'}",Seafood,2021
-rsYfiUp35-3SEnU_16Ygw,SZU9c8V2GuREDN5KgyHFJw,1,1,0,0,Quite possibly one of the worst places we've ever eaten! Food was seriously lacking seasoning and the "fresh" lobster was previously frozen. Everything we ordered was definitely inferior.,Santa Barbara,negative,34.4087147,-119.6850187,4,2404,"{'OutdoorSeating': 'True', 'RestaurantsAttire': ""'casual'"", 'RestaurantsReservations': 'False', 'BusinessAcceptsCreditCards': 'True', 'NoiseLevel': ""u'average'"", 'RestaurantsPriceRange2': '2', 'RestaurantsGoodForGroups': 'False', 'WiFi': ""u'no'"", 'Alcohol': ""'beer_and_wine'"", 'RestaurantsTakeOut': 'True', 'BikeParking': 'True', 'BusinessParking': ""{'garage': False, 'street': False, 'validated': True, 'lot': False, 'valet': False}"", 'HasTV': 'False', 'ByAppointmentOnly': 'False', 'GoodForKids': 'True', 'Caters': 'False', 'Ambience': ""{'touristy': False, 'hipster': False, 'romantic': False, 'divey': False, 'intimate': False, 'trendy': False, 'upscale': False, 'classy': True, 'casual': True}"", 'RestaurantsDelivery': 'True', 'HappyHour': 'False', 'Music': ""{u'dj': False, u'live': False, u'jukebox': False, u'video': False, u'background_music': False, u'karaoke': False, u'no_music': False}"", 'GoodForMeal': ""{u'breakfast': False, u'brunch': None, u'lunch': True, u'dinner': True, u'latenight': False, u'dessert': False}"", 'CoatCheck': 'False', 'BestNights': ""{u'monday': False, u'tuesday': False, u'wednesday': False, u'thursday': False, u'friday': False, u'saturday': True, u'sunday': False}"", 'BusinessAcceptsBitcoin': 'False'}",Live/Raw Food,2021
AcWRAKifBo_91oYIUksHdw,8Vo6LN9gqULhXzoxj5k6kQ,3,0,0,0,"Honestly not worth the time and money you pay. I don't want to offend others who gave 5 stars and I think they have their reasons. I literally waited 1 hour for the food and another 30 min just to get the check. I understand that there are lots of customers but waiting this long really not worth the time. The food taste okay but the price is too high for the quality especially the New York strip ($60). It was the special menu and the waiter claimed to be A7 Wagyu. It does taste like that they claimed. There are only 5 dishes on the main and with professional kitchen, it should not take more than 30 mins. I would give 5 stars for the taste but combine with service and wait time 3 stars would be it. You can find tastier food with the same price. Personally the risotto was not up to the standard.",Santa Barbara,negative,34.4192463,-119.6970386,4.5,983,"{'BusinessAcceptsCreditCards': 'True', 'HasTV': 'False', 'RestaurantsAttire': ""'casual'"", 'RestaurantsTableService': 'True', 'DogsAllowed': 'True', 'GoodForKids': 'False', 'RestaurantsReservations': 'True', 'RestaurantsGoodForGroups': 'True', 'BikeParking': 'True', 'NoiseLevel': ""u'average'"", 'BusinessParking': ""{'garage': True, 'street': True, 'validated': False, 'lot': False, 'valet': False}"", 'ByAppointmentOnly': 'False', 'RestaurantsPriceRange2': '2', 'WheelchairAccessible': 'True', 'GoodForMeal': ""{'dessert': False, 'latenight': False, 'lunch': False, 'dinner': True, 'brunch': False, 'breakfast': False}"", 'RestaurantsDelivery': 'True', 'Caters': 'True', 'Alcohol': ""u'full_bar'"", 'WiFi': ""u'free'"", 'HappyHour': 'True', 'RestaurantsTakeOut': 'True', 'Ambience': ""{'touristy': False, 'hipster': False, 'romantic': False, 'divey': False, 'intimate': False, 'trendy': True, 'upscale': False, 'classy': True, 'casual': False}"", 'OutdoorSeating': 'True', 'BestNights': ""{u'monday': False, u'tuesday': False, u'wednesday': False, u'thursday': False, u'friday': True, u'saturday': False, u'sunday': True}"", 'Music': ""{u'dj': None, u'live': False, u'jukebox': None, u'video': False, u'background_music': False, u'karaoke': None, u'no_music': False}"", 'CoatCheck': 'False'}",American (New),2021
UAdViD3zeL62MfuBNZNAsw,eikRexw04kC6siBDkFnayQ,5,20,17,20,"On a trip to SB we decided to eat dinner at Shalhoob before heading home. Shalhoob is not located on the main street where lots of restaurants, bars and wineries are located.  I checked them on Yelp first was pleased that they had 4.5 stars.  

There is lot of free parking available.  Santa  Barbara has changed a lot, a lot of business here now charge for parking.  

We ordered the street corn which came in a pan, garlic fries, chicken wings, smoked chicken, ribs & mac N cheese; lot of food for 2 people...enough to feed four, buttered bread!!!  :-) The food is so tasty, they give very large portions as well.  They offer plenty outside seating with shade.  They cater events.  Some of the tables are barrels with umbrellas.  The service was GREAT.

I highly recommend this place, you won't be disappointed.",Santa Barbara,positive,34.4163545,-119.6905232,4.5,367,"{'BusinessAcceptsBitcoin': 'False', 'GoodForMeal': ""{'dessert': False, 'latenight': False, 'lunch': True, 'dinner': True, 'brunch': False, 'breakfast': False}"", 'RestaurantsReservations': 'False', 'Caters': 'True', 'BusinessAcceptsCreditCards': 'True', 'HappyHour': 'True', 'DogsAllowed': 'True', 'BikeParking': 'True', 'RestaurantsDelivery': 'None', 'WiFi': ""u'no'"", 'OutdoorSeating': 'True', 'DriveThru': 'False', 'WheelchairAccessible': 'True', 'Alcohol': ""u'beer_and_wine'"", 'NoiseLevel': ""u'average'"", 'HasTV': 'False', 'RestaurantsPriceRange2': '2', 'RestaurantsGoodForGroups': 'True', 'BusinessParking': ""{'garage': False, 'street': True, 'validated': False, 'lot': True, 'valet': False}"", 'RestaurantsAttire': ""'casual'"", 'Ambience': ""{'touristy': False, 'hipster': True, 'romantic': False, 'divey': False, 'intimate': False, 'trendy': True, 'upscale': False, 'classy': False, 'casual': True}"", 'GoodForKids': 'True', 'RestaurantsTableService': 'False', 'RestaurantsTakeOut': 'True'}",American (New),2020
HqVm4Oo-6-ClGEKyix5rTQ,f3eve2cxUIzyanWnHdMtFQ,5,0,0,0,"Yum, Yum, Yum!  I could stop here!  The food is fabulous!  After seeing other reviews I can see that lots of other people agree! 

Just do yourself a favor and order the plantains!  They are delicious!!!!!!

And Fernanda, who takes the orders out front is a lovely person!

Bon Appetite!",Santa Barbara,positive,34.4236075,-119.7070539,4.5,813,"{'Alcohol': ""u'beer_and_wine'"", 'RestaurantsAttire': ""'casual'"", 'DriveThru': 'False', 'GoodForMeal': ""{'dessert': False, 'latenight': False, 'lunch': True, 'dinner': True, 'brunch': None, 'breakfast': False}"", 'ByAppointmentOnly': 'False', 'HasTV': 'False', 'RestaurantsGoodForGroups': 'True', 'DogsAllowed': 'False', 'GoodForKids': 'True', 'RestaurantsPriceRange2': '2', 'WiFi': ""u'free'"", 'HappyHour': 'True', 'NoiseLevel': ""u'loud'"", 'RestaurantsTableService': 'False', 'Caters': 'False', 'RestaurantsReservations': 'False', 'RestaurantsDelivery': 'True', 'RestaurantsTakeOut': 'True', 'BusinessAcceptsCreditCards': 'True', 'Ambience': ""{u'divey': False, u'hipster': True, u'casual': True, u'touristy': None, u'trendy': True, u'intimate': False, u'romantic': False, u'classy': True, u'upscale': False}"", 'BusinessParking': ""{'garage': True, 'street': True, 'validated': False, 'lot': False, 'valet': False}"", 'OutdoorSeating': 'True', 'WheelchairAccessible': 'True', 'BikeParking': 'True'}",Restaurants,2021
sGlRuClhRd5mkqny7a-xnQ,tSZPfgKQiCYImyr_qyNweQ,5,0,0,0,"Excellent service. Leo came to pick up my car. Helped me try and jump start it and diagnose it. Alas we couldn't fix it then and there.
Definitely will call them next time I need to tow in Goleta.",Goleta,positive,34.4290628,-119.8259794,3.5,76,{'BusinessAcceptsCreditCards': 'True'},Automotive,2021
kg3XKXn1WKQNKSJ_13jNjA,dQ6d9H7rnFSOSC_FXbJ_FQ,5,0,0,1,"Jogged from Shoreline Park to Blenders for a smoothie, wasn't disappointed. 12oz = $4.35, 24oz = $5.85. I got the 12oz peanut butter banana smoothie (+ carob, dates, chia seeds, non-dairy soy blend (for +0.75)). It's really great how they allow for a free supplement - I chose chia seeds. I also was able to customize by adding in dates. The smoothie was creamy and perfect, filled to the top lid. Quick and efficient, no complaints!

This location also has ample parking and is close by Shoreline, nice for enjoying your smoothie with a view of the beach!",Santa Barbara,positive,34.4005756,-119.7227184,4,50,"{'GoodForKids': 'True', 'BusinessAcceptsCreditCards': 'True', 'RestaurantsGoodForGroups': 'True', 'BikeParking': 'True', 'RestaurantsPriceRange2': '1', 'RestaurantsDelivery': 'False', 'OutdoorSeating': 'True', 'RestaurantsReservations': 'False', 'Ambience': ""{'romantic': False, 'intimate': False, 'classy': False, 'hipster': False, 'divey': True, 'touristy': False, 'trendy': False, 'upscale': False, 'casual': False}"", 'NoiseLevel': ""u'loud'"", 'BusinessParking': ""{'garage': False, 'street': True, 'validated': False, 'lot': False, 'valet': False}"", 'RestaurantsAttire': ""u'casual'"", 'BusinessAcceptsBitcoin': 'False', 'HasTV': 'False', 'RestaurantsTakeOut': 'True', 'Alcohol': ""u'none'"", 'WiFi': ""u'no'"", 'DogsAllowed': 'False', 'Caters': 'False'}",Juice Bars & Smoothies,2021
qZ_4VnllfIjbOG44eSag6Q,#NAME?,5,1,1,1,"Best mechanic in town. Period.

David has been doing this for 30 plus years &
It shows. Most reliable & honest mechanic.",Santa Barbara,positive,34.42303636,-119.681571,4.5,26,"{'ByAppointmentOnly': 'False', 'BusinessAcceptsCreditCards': 'True'}",Body Shops,2021
UR_EIG5doyCW6AyN4V0sHA,_6xXhCMXk7NIwUIm60A6uw,1,0,0,0,"Very bad on-call services over the weekend. I had to call this office to get a hold of our pediatrician six times over the weekend. It took the on-call nurse 3 1/2 hours to call me back by the time she returned my car had gone to bed. It's very important to me as a mother and a registered nurse to be able to get in touch with my Pediatrician on the weekend if my child is sick but not ER urgent, at least not yet. It's very disheartening and disconcerting that there are no physicians who are able to be reached and that the nurses who are on call do not return your calls for hours. It's also challenging when you have to call the on-call number multiple times to even get a callback. My husband and I will be switching pediatricians after this experience because it's very important to me to be able to get in touch with a pediatrician over the weekend for urgent matters. I would not recommend this office or clinic if it is important to you to be able to have communication for urgent needs on weekends or evenings as they are unavailable. We did not feel supported nor cared for by this Clinic or Pediatrician from this experience.",Santa Barbara,negative,34.42774314,-119.7091367,3,26,"{'ByAppointmentOnly': 'True', 'AcceptsInsurance': 'True', 'BusinessAcceptsCreditCards': 'True'}",Family Practice,2021
_xb4lekrrVqsQC-XnWqi9g,icGg8xgDJVufg-xptMrDGw,5,1,2,1,"This is the absolute BEST Denny's in the entire state! I celebrated my Birthday yesterday and wanted to enjoy my annual and very traditional FREE Grand Slam as anticipated! 

Once at the restaurant, I experienced some technical issues with my online registration process, etc. Fortunately, Jenny and the other female associate working with her were able to assist me and process my birthday gift accordingly and satisfactorily. Both extended superb customer service , and truly made my own B-day special. 

This restaurant has proven time and again to offer the best food and service of any Denny's we have ever visited. We are becoming more frequent guests as a result, and have never experienced anything short of phenomenal service and delectable fare. 

Thank you again for exceeding every expectation on each and every visit. You are all superstars and deserve every accolade, recognition, and reward such comments tend to elicit. We will see you again soon, until then - stay safe and know you are all appreciated more than you could ever imagine.",Santa Barbara,positive,34.4407049,-119.7409102,2.5,158,"{'GoodForKids': 'True', 'Alcohol': ""u'none'"", 'RestaurantsAttire': ""'casual'"", 'RestaurantsDelivery': 'True', 'NoiseLevel': ""u'average'"", 'BusinessAcceptsCreditCards': 'True', 'RestaurantsGoodForGroups': 'True', 'HasTV': 'False', 'OutdoorSeating': 'True', 'BusinessParking': ""{'garage': False, 'street': False, 'validated': False, 'lot': True, 'valet': False}"", 'WiFi': ""u'free'"", 'Caters': 'True', 'DogsAllowed': 'False', 'RestaurantsTableService': 'True', 'BikeParking': 'True', 'GoodForMeal': ""{'dessert': True, 'latenight': True, 'lunch': False, 'dinner': False, 'brunch': True, 'breakfast': True}"", 'RestaurantsReservations': 'False', 'WheelchairAccessible': 'True', 'BusinessAcceptsBitcoin': 'False', 'Ambience': ""{'touristy': None, 'hipster': False, 'romantic': False, 'divey': False, 'intimate': False, 'trendy': False, 'upscale': False, 'classy': False, 'casual': True}"", 'RestaurantsPriceRange2': '2', 'RestaurantsTakeOut': 'True'}",Restaurants,2021
5F2LmueyRmWcdAhjwQkYTw,znlrxrY4InSx7ekPZxoHRw,5,0,0,0,"I've lived in SB for over 20+ years but just finally tried McConnell's over the Memorial weekend! My fave is the toasted almost coconut and the turkish coffee. They have so many flavors and definitely know how to do ice cream right.  Yes, they also have several flavors that are lactose free! Run to McConnell's now...don't wait till 20 years have gone by like me.  BTW, it was so delish I forgot to take a pic!",Santa Barbara,positive,34.4194911,-119.6987739,4.5,1537,"{'RestaurantsPriceRange2': '2', 'BusinessAcceptsCreditCards': 'True', 'BikeParking': 'True', 'WiFi': ""u'no'"", 'RestaurantsAttire': ""'casual'"", 'Caters': 'True', 'NoiseLevel': ""u'average'"", 'RestaurantsReservations': 'False', 'DogsAllowed': 'False', 'Ambience': ""{'romantic': False, 'intimate': False, 'classy': False, 'hipster': False, 'divey': False, 'touristy': False, 'trendy': False, 'upscale': False, 'casual': False}"", 'RestaurantsTakeOut': 'True', 'RestaurantsDelivery': 'True', 'DriveThru': 'None', 'GoodForKids': 'True', 'BusinessParking': ""{'garage': False, 'street': True, 'validated': False, 'lot': True, 'valet': False}""}",Food,2021
rq8XQ1woj9gN8BQXau_6fg,Ak_vHsHsYRP928VHVRL_tQ,1,2,0,1,"Good god! This was the worst food ever! I have only ordered from Panda Express once before, a few years ago, now I remember why I never ordered from there again.
I ordered the three entree option. 
The broccoli and beef - all broccoli, NOT one piece of beef
The Orange Chicken - tasted like fish, it was truly a fish taste and disgusting
The veggie rolls were stale and dry. 
The chow mein was dry.
Just gross - I am trying to drown the tatse with wine - I was hungry and ordered this for my dinner, terrible mistake!",Goleta,negative,34.441624,-119.832865,2.5,76,"{'Ambience': ""{'romantic': False, 'intimate': False, 'classy': False, 'hipster': False, 'divey': False, 'touristy': False, 'trendy': False, 'upscale': False, 'casual': True}"", 'RestaurantsAttire': ""u'casual'"", 'BusinessAcceptsCreditCards': 'True', 'RestaurantsGoodForGroups': 'True', 'OutdoorSeating': 'True', 'GoodForKids': 'True', 'NoiseLevel': ""u'average'"", 'RestaurantsReservations': 'False', 'WiFi': ""u'no'"", 'Alcohol': ""u'none'"", 'BikeParking': 'True', 'RestaurantsTakeOut': 'True', 'RestaurantsPriceRange2': '1', 'Caters': 'True', 'GoodForMeal': ""{'dessert': False, 'latenight': False, 'lunch': True, 'dinner': True, 'brunch': False, 'breakfast': False}"", 'BusinessParking': ""{'garage': False, 'street': False, 'validated': False, 'lot': True, 'valet': False}"", 'HasTV': 'True', 'RestaurantsTableService': 'False', 'DriveThru': 'False', 'RestaurantsDelivery': 'True'}",Restaurants,2020
04KR0RePOXob-TW4N6Z6gQ,iTVqzGrt98xR1c5a2pgxfQ,1,0,0,0,"The rudest people working at this car wash. Ever! They're treating customers cars poorly too - driving them haphazardly, rushing the cleaning, slammed the clipboard down on my windshield, but most of all their attitude is the absolute worst. One of the attendants accosted me about ""being in a hurry"" after it was clear they were intentionally taking their time with my car. Will never come back!",Santa Barbara,negative,34.440123,-119.7438934,2,211,"{'BusinessAcceptsCreditCards': 'True', 'ByAppointmentOnly': 'False'}",Automotive,2021
e9NkrS9MxXOWaEuqmXjCGg,2MWEEuY3dtD2DNP99sNe_A,5,0,0,0,"Delicious! Ordered online and picked up @SBCiderCo in Goleta. Friendly staff, ladies making popusas there fresh. My girls enjoyed the taquitos and dobladitas! Would order again.",Goleta,positive,34.4347064,-119.8257806,4.5,77,"{'BusinessAcceptsBitcoin': 'False', 'OutdoorSeating': 'True', 'RestaurantsTakeOut': 'True', 'BikeParking': 'False', 'Corkage': 'False', 'Caters': 'True', 'HasTV': 'False', 'WheelchairAccessible': 'True', 'BusinessParking': ""{'garage': False, 'street': True, 'validated': False, 'lot': False, 'valet': False}"", 'RestaurantsDelivery': 'True', 'RestaurantsTableService': 'False', 'BusinessAcceptsCreditCards': 'True', 'HappyHour': 'True', 'BYOB': 'False', 'DogsAllowed': 'True', 'Alcohol': ""u'none'"", 'WiFi': ""u'no'"", 'RestaurantsReservations': 'False'}",Mexican,2020
DOSDwoUlLJJrOhiszxC1cA,mAqgsZBTN-wsShMpkz2o9g,1,0,0,0,"Wow this place has turned into a real dump. I don't remember the last time I came here because the last time the girl forgot to put turkey in my turkey sandwich but it was probably a little over a year ago. I was trying to decide what to order and got talked into a tri-tip torta. I asked how fresh the tri-tip was because I really hate when you get a ""special"" and it's 4 days old. I was assured it was fresh from that morning almost with too much assurance from everyone behind the counter. I also ordered a Chile Relleno heated up from the cold case. I couldn't decide which one I wanted and I figured I could save some for later. We wondered the store and grabbed some drinks and when we went to pick up the sandwiches they forgot about my Chile Relleno. I didn't have time to wait so I told them to forget it. Strike one. The tri-tip was disgustingly old but I was starving since it was 2:30 pm and my first time eating that day so begrudgingly ate pretty stinky meat. Strike two. I went back to work I started to feel queasy and hoped no one could smell the gross burps it was bringing up for the next 4 hours. STRIKE THREE. 

Ugh this place is awful! I used to love Cantwell's but I will definitely never go back and will actively tell anyone who will listen to not go there either. It used to be so busy but looking back on it there wasn't really anyone in there and it makes so much sense. STAY AWAY!",Santa Barbara,negative,34.4267539,-119.7095028,3,142,"{'GoodForKids': 'True', 'Caters': 'True', 'OutdoorSeating': 'True', 'Alcohol': ""u'beer_and_wine'"", 'RestaurantsReservations': 'False', 'RestaurantsPriceRange2': '2', 'RestaurantsTakeOut': 'True', 'BusinessAcceptsCreditCards': 'True', 'RestaurantsAttire': ""u'casual'"", 'Ambience': ""{'romantic': False, 'intimate': False, 'touristy': False, 'hipster': False, 'divey': False, 'classy': False, 'trendy': False, 'upscale': False, 'casual': True}"", 'BikeParking': 'True', 'NoiseLevel': ""u'average'"", 'HasTV': 'True', 'BusinessParking': ""{'garage': False, 'street': True, 'validated': False, 'lot': True, 'valet': False}"", 'WiFi': ""u'free'"", 'RestaurantsTableService': 'False', 'BYOB': 'False', 'Corkage': 'False', 'DogsAllowed': 'False', 'WheelchairAccessible': 'True', 'RestaurantsGoodForGroups': 'False', 'BusinessAcceptsBitcoin': 'False', 'RestaurantsDelivery': 'True'}",Food,2020
WKWa9mDBYQdmX0kow3Qtvw,omnCKxL0f_akh0eYeJxjDg,1,0,1,0,"We ordered via post mates tonight and an hour later, when our food was suppose to be delivered, we received a cancellation notice indicating that the ""merchant"" cancelled our order.  4 hungry children & 4 hungry adults now left to find food...",Santa Barbara,negative,34.4152367,-119.6917437,4,353,"{'RestaurantsPriceRange2': '2', 'BikeParking': 'True', 'WiFi': ""u'free'"", 'GoodForKids': 'False', 'BusinessParking': ""{'garage': False, 'street': True, 'validated': False, 'lot': True, 'valet': False}"", 'RestaurantsAttire': ""u'casual'"", 'RestaurantsGoodForGroups': 'True', 'Caters': 'True', 'HasTV': 'True', 'Alcohol': ""u'full_bar'"", 'RestaurantsDelivery': 'False', 'BusinessAcceptsCreditCards': 'True', 'NoiseLevel': ""'average'"", 'Ambience': ""{'touristy': False, 'hipster': None, 'romantic': False, 'divey': None, 'intimate': None, 'trendy': True, 'upscale': False, 'classy': True, 'casual': True}"", 'BusinessAcceptsBitcoin': 'False', 'GoodForMeal': ""{'dessert': False, 'latenight': True, 'lunch': None, 'dinner': True, 'brunch': None, 'breakfast': False}"", 'BestNights': ""{'monday': False, 'tuesday': False, 'friday': True, 'wednesday': False, 'thursday': True, 'sunday': False, 'saturday': True}"", 'Music': ""{'dj': False, 'background_music': False, 'no_music': False, 'jukebox': False, 'live': True, 'video': False, 'karaoke': False}"", 'Smoking': ""u'no'"", 'CoatCheck': 'False', 'ByAppointmentOnly': 'False', 'OutdoorSeating': 'True', 'DogsAllowed': 'True', 'WheelchairAccessible': 'True', 'RestaurantsTableService': 'True', 'RestaurantsTakeOut': 'True', 'HappyHour': 'True', 'RestaurantsReservations': 'True'}",Lounges,2020
tHZtOBYU713hVL6oCS_zrA,TUtf4FLtotdQDleYpRIfnw,4,0,0,0,"Excellent food and service. Never dissapointed. Pasta, pizza and salad are always on point!! Drinks are amazing location is perfect",Santa Barbara,positive,34.418802,-119.700585,3,193,"{'RestaurantsReservations': 'True', 'GoodForKids': 'True', 'Alcohol': ""u'full_bar'"", 'RestaurantsTakeOut': 'True', 'RestaurantsPriceRange2': '2', 'RestaurantsAttire': ""'casual'"", 'RestaurantsGoodForGroups': 'True', 'HasTV': 'True', 'Caters': 'True', 'BusinessAcceptsCreditCards': 'True', 'WiFi': ""'free'"", 'BikeParking': 'True', 'RestaurantsDelivery': 'True', 'GoodForMeal': ""{'dessert': True, 'latenight': False, 'lunch': True, 'dinner': True, 'brunch': None, 'breakfast': False}"", 'NoiseLevel': ""u'average'"", 'OutdoorSeating': 'True', 'DriveThru': 'False', 'RestaurantsTableService': 'True', 'BusinessParking': ""{u'valet': False, u'garage': True, u'street': None, u'lot': False, u'validated': False}"", 'Ambience': ""{u'divey': False, u'hipster': False, u'casual': True, u'touristy': None, u'trendy': None, u'intimate': False, u'romantic': False, u'classy': False, u'upscale': None}""}",Restaurants,2020
sqdkOZAVe1x9-i4qx_UPsg,bPVPZeqMuYtU_yGCb4P-jg,5,0,0,0,Food was delicious and service was excellent! I forgot my to go box and the server followed after me to make sure I got it. Everyone is so friendly and the food comes out super fast. Big fan :),Santa Barbara,positive,34.42357707,-119.7070424,4.5,705,"{'Alcohol': ""u'beer_and_wine'"", 'GoodForKids': 'True', 'RestaurantsAttire': ""'casual'"", 'OutdoorSeating': 'True', 'RestaurantsTableService': 'True', 'RestaurantsTakeOut': 'True', 'Caters': 'True', 'BusinessParking': ""{'garage': True, 'street': True, 'validated': True, 'lot': False, 'valet': False}"", 'BikeParking': 'True', 'BusinessAcceptsCreditCards': 'True', 'ByAppointmentOnly': 'False', 'NoiseLevel': ""'average'"", 'WheelchairAccessible': 'True', 'RestaurantsGoodForGroups': 'True', 'Corkage': 'True', 'Ambience': ""{'touristy': False, 'hipster': True, 'romantic': False, 'divey': False, 'intimate': False, 'trendy': True, 'upscale': False, 'classy': True, 'casual': True}"", 'WiFi': ""'free'"", 'RestaurantsReservations': 'False', 'HappyHour': 'False', 'HasTV': 'True', 'BusinessAcceptsBitcoin': 'False', 'DogsAllowed': 'True', 'GoodForMeal': ""{'dessert': False, 'latenight': False, 'lunch': True, 'dinner': True, 'brunch': False, 'breakfast': False}"", 'RestaurantsPriceRange2': '2', 'RestaurantsDelivery': 'True', 'BYOB': 'True'}",Comfort Food,2020
nD22eF0uwsaAt2FKy_LgIw,zeAfmYy9b1gfUJLRBHm6vQ,1,0,0,0,"This pasta was terrible. I was able to make better pasta in my dorm room microwave and that is truly saying something. Greasy, overcooked, and the taste of the marina was horrible. They even messed up garlic bread.",Santa Barbara,negative,34.437063,-119.725682,4,240,"{'NoiseLevel': ""u'average'"", 'GoodForKids': 'True', 'BusinessAcceptsCreditCards': 'True', 'RestaurantsGoodForGroups': 'True', 'HasTV': 'False', 'RestaurantsReservations': 'False', 'RestaurantsAttire': ""u'casual'"", 'Alcohol': ""u'beer_and_wine'"", 'BikeParking': 'True', 'Ambience': ""{'romantic': False, 'intimate': False, 'touristy': False, 'hipster': False, 'divey': False, 'classy': False, 'trendy': False, 'upscale': False, 'casual': True}"", 'BusinessParking': ""{'garage': False, 'street': False, 'validated': False, 'lot': True, 'valet': False}"", 'WiFi': ""u'no'"", 'GoodForMeal': ""{'dessert': None, 'latenight': False, 'lunch': True, 'dinner': True, 'brunch': False, 'breakfast': False}"", 'ByAppointmentOnly': 'False', 'RestaurantsPriceRange2': '2', 'DriveThru': 'True', 'RestaurantsDelivery': 'True', 'Caters': 'True', 'RestaurantsTableService': 'False', 'RestaurantsTakeOut': 'None', 'OutdoorSeating': 'None'}",Restaurants,2020
KBbpXcqkVQJRiR4KPKK5ww,LLHHgNqlMTgNnAhQrX0XRw,1,1,0,0,"Don't bother with this place.  I brought my phone in for a cracked screen, and the guy took 2 hours and literally THREE separate tries (after trying to hand it off to me as fixed 2x) to get the new screen working.  I decided to purchase a screen protector from them, and regret it.  The screen protectors are pricey and ineffective; mine cracked the entire screen under the protector after a 1ft fall off of the couch.  Big surprise, iGeek takes no responsibility for the failure of the screen protector nor offer a replacement.  Felt like a rip-off to be honest.  Definitely find somewhere else to take your broken electronics if you want effective products at literally the same price.",Santa Barbara,negative,34.4397262,-119.7283313,4.5,180,"{'BusinessAcceptsCreditCards': 'True', 'WheelchairAccessible': 'True', 'BikeParking': 'True', 'RestaurantsPriceRange2': '2', 'BusinessParking': ""{'garage': False, 'street': False, 'validated': False, 'lot': False, 'valet': False}""}",Local Services,2020
sx4p_4ugNx2xe7Nni-JsfA,0JALnjetn1qNqJL2GYI6mg,1,3,0,0,"I received flowers on 1/4/21 from my children for the holiday and was disappointed with their quality.  Some of the flowers had brown edges and the chrysanthemums looked spent (meaning they weren't going to last much longer).  I am attaching images of the flowers that I took on the day that I received them. 

This has been niggling me for a week now, so I finally decided to let the Goodland Florist know about the impression that they made. Unfortunately, their online contact information would not work (and I am unable to communicate verbally if I feel like I am confronting someone about something). The captcha kept saying that there was an error, but would never refresh so that I could try it with a different code. I basically told them in the message the same thing that I am saying in this review.

I don't really expect anything to come of this. I was not the one who paid for the flowers but I know that good money was put out for these flowers and I was truly disappointed in them and the company that thought providing these flowers in this condition was acceptable. I do not want my children to know that there was a problem, so do not want a refund.  

I just want other consumers to know of this issue before they purchase flowers from Goodland Florist. I know that I always research a company before making purchases.",Goleta,negative,34.4360399,-119.8264714,4,85,"{'BusinessAcceptsCreditCards': 'True', 'BusinessParking': ""{'garage': False, 'street': True, 'validated': False, 'lot': True, 'valet': False}"", 'BikeParking': 'True', 'RestaurantsPriceRange2': '2', 'BusinessAcceptsBitcoin': 'False', 'WheelchairAccessible': 'True', 'DogsAllowed': 'True', 'RestaurantsDelivery': 'None'}",Flowers & Gifts,2021
gLZ0pjhKOgUi2vFWiU4Vhg,FdoqtMadj4ybDAL7S-yUBQ,5,2,0,1,"What a fun way to spend you birthday morning, free breakfast at this great cafe. Right downtown Summerland and easy to bike to from Santa Barbara. After a great bike ride along the ocean we stopped here for breakfast. Delicious and delightful. Great outdoor deck seating. They are following all covid regulations and we were seated at least six feet from anyone else. Service was spot on and breakfast enjoyable. Would recommend, next time we'll try lunch.",Summerland,positive,34.4219409,-119.6002318,4,663,"{'RestaurantsAttire': ""'casual'"", 'BikeParking': 'True', 'GoodForKids': 'True', 'BusinessAcceptsCreditCards': 'True', 'WiFi': ""u'free'"", 'Alcohol': ""'beer_and_wine'"", 'RestaurantsGoodForGroups': 'True', 'RestaurantsPriceRange2': '2', 'DogsAllowed': 'True', 'NoiseLevel': ""u'average'"", 'RestaurantsDelivery': 'None', 'GoodForMeal': ""{'dessert': False, 'latenight': False, 'lunch': True, 'dinner': False, 'brunch': True, 'breakfast': True}"", 'OutdoorSeating': 'True', 'Caters': 'False', 'RestaurantsTableService': 'True', 'BusinessParking': ""{'garage': False, 'street': True, 'validated': False, 'lot': True, 'valet': False}"", 'WheelchairAccessible': 'True', 'RestaurantsTakeOut': 'True', 'RestaurantsReservations': 'False', 'HasTV': 'True', 'HappyHour': 'False', 'Ambience': ""{'touristy': False, 'hipster': False, 'romantic': False, 'divey': False, 'intimate': False, 'trendy': False, 'upscale': False, 'classy': True, 'casual': True}""}",Restaurants,2020
hDCBJlsCUBAc13ur6-oA0g,qvXw3V4_9Pu4E7Qoi7-cKA,5,0,0,0,"This place has the yummiest burgers EVER.  You definitely don't miss meat.  The ingredients are top quality and the food is seasoned to perfection.  My favorites are the Kale Burger, Sweet Potato Fries and ALL the Falafels.   The different textures and the flavors of the Kale burger are so amazing, the brioche bun is so soft and the burger is a good size so you will be full and you won't be able to stop thinking about it....it's that good.  

I don't care if you aren't into vegetarian food.....you will love this.",Santa Barbara,positive,34.4236075,-119.7070539,4.5,70,"{'BikeParking': 'True', 'WheelchairAccessible': 'True', 'Alcohol': ""u'beer_and_wine'"", 'BusinessParking': ""{u'valet': False, u'garage': True, u'street': True, u'lot': True, u'validated': False}"", 'RestaurantsTakeOut': 'True', 'Caters': 'True', 'BusinessAcceptsBitcoin': 'False', 'DogsAllowed': 'True', 'RestaurantsReservations': 'False', 'BusinessAcceptsCreditCards': 'True', 'RestaurantsPriceRange2': '2', 'RestaurantsTableService': 'False', 'Ambience': ""{'touristy': None, 'hipster': False, 'romantic': False, 'divey': False, 'intimate': None, 'trendy': None, 'upscale': None, 'classy': None, 'casual': True}"", 'WiFi': ""u'free'"", 'RestaurantsDelivery': 'True', 'HasTV': 'True', 'OutdoorSeating': 'True', 'Corkage': 'False'}",Restaurants,2021
TJfJRr0GXBtibgfs6pCtRg,sz5SMsTOTAshdfsaK98-TA,2,0,0,0,"Pre-COVID I celebrated a birthday with a friend turning 99 and her daughter, their choice to eat at Jane. I ordered the tuna and shrimp salad but without the shrimp and hot water as a beverage, the daughter ordered the same salad with the shrimp. Her salad came with 3 shrimp and 3 pieces of tuna. I received the salad with 3 pieces of tuna!  Lovely company and pleasant eating outside. When the bill came I was horrified that I'd been charged for hot water!  A service charge of .75c! I didn't mention either the salad nor the hot water at the time because of the celebration, which was my bad. Never went back until Sunday 9/31 for dinner and asked if there was still a charge for hot water, and there is!  The planked salmon was good.",Goleta,positive,34.42975,-119.87028,4,291,"{'RestaurantsAttire': ""'casual'"", 'RestaurantsGoodForGroups': 'True', 'HappyHour': 'True', 'BikeParking': 'True', 'BusinessAcceptsCreditCards': 'True', 'GoodForDancing': 'False', 'RestaurantsPriceRange2': '2', 'BusinessAcceptsBitcoin': 'False', 'GoodForKids': 'True', 'WiFi': ""'free'"", 'RestaurantsReservations': 'True', 'NoiseLevel': ""u'average'"", 'Smoking': ""u'no'"", 'RestaurantsTableService': 'True', 'Caters': 'False', 'Ambience': ""{'touristy': False, 'hipster': False, 'romantic': False, 'divey': False, 'intimate': False, 'trendy': True, 'upscale': True, 'classy': True, 'casual': True}"", 'WheelchairAccessible': 'True', 'HasTV': 'True', 'GoodForMeal': ""{'dessert': True, 'latenight': False, 'lunch': True, 'dinner': True, 'brunch': None, 'breakfast': False}"", 'Music': ""{'dj': False, 'background_music': False, 'no_music': False, 'jukebox': False, 'live': False, 'video': False, 'karaoke': False}"", 'DogsAllowed': 'True', 'BusinessParking': ""{'garage': False, 'street': False, 'validated': False, 'lot': True, 'valet': False}"", 'ByAppointmentOnly': 'False', 'RestaurantsDelivery': 'True', 'BestNights': ""{'monday': True, 'tuesday': False, 'friday': False, 'wednesday': True, 'thursday': True, 'sunday': False, 'saturday': False}"", 'RestaurantsTakeOut': 'True', 'Alcohol': ""u'full_bar'"", 'CoatCheck': 'False', 'OutdoorSeating': 'True', 'DriveThru': 'None'}",Pizza,2021
TK145cGheuZf6F9weL29UA,0RxU5OglQyPVtLKC1LPgsA,5,2,0,2,"Just the name will make you smile. 

Then they have brioche. OMG brioche. 

Grab a loaf of it to go and have it every day with brie and jam. Or as a sandwich. Or just by itself. There is literally no wrong way to eat brioche, and you will want to do nothing but eat brioche once you've had theirs.

They make breakfast sandwiches and they are amazing. An Eggs & Salmon Brioche is just perfect, and a simple Eggs & Cheese Brioche is fully of goopy gruyere.

Grab a Sourdough Baguette if they have one but don't bother to get a bag because you'll eat the entire thing right away. We also tried both types of Cinnamon Roll and can't decide which is better. 

That's all I could justifiably try in a single trip, but I'm not above swinging back to Santa Barbara just for more of this because every mile would be worth my while.",Santa Barbara,positive,34.42140788,-119.6464731,4.5,497,"{'Caters': 'True', 'GoodForMeal': ""{'dessert': False, 'latenight': False, 'lunch': True, 'dinner': False, 'brunch': True, 'breakfast': True}"", 'RestaurantsReservations': 'False', 'RestaurantsPriceRange2': '2', 'RestaurantsGoodForGroups': 'False', 'GoodForKids': 'True', 'HasTV': 'False', 'BusinessParking': ""{'garage': False, 'street': True, 'validated': False, 'lot': False, 'valet': False}"", 'RestaurantsTakeOut': 'True', 'RestaurantsDelivery': 'True', 'DogsAllowed': 'True', 'BusinessAcceptsCreditCards': 'True', 'WiFi': ""u'free'"", 'Alcohol': ""u'none'"", 'OutdoorSeating': 'True', 'RestaurantsTableService': 'False', 'BikeParking': 'True', 'BYOB': 'False', 'RestaurantsAttire': ""u'casual'"", 'Ambience': ""{'touristy': False, 'hipster': False, 'romantic': False, 'divey': False, 'intimate': False, 'trendy': False, 'upscale': False, 'classy': True, 'casual': True}"", 'NoiseLevel': ""u'average'"", 'HappyHour': 'False', 'WheelchairAccessible': 'False'}",Restaurants,2021
54Gu-wE3ywXfY2ZYFl2OlA,Y57sylYCgq2VQJuBCnjPfA,5,0,0,0,Absolutely perfect. Could not imagine a better meal. Everyone from hosts to servers working as a solid team. Definitely going back.,Santa Barbara,positive,34.413204,-119.688437,4,429,"{'BikeParking': 'True', 'RestaurantsPriceRange2': '3', 'RestaurantsAttire': ""u'casual'"", 'Smoking': ""u'no'"", 'Ambience': ""{'touristy': None, 'hipster': None, 'romantic': None, 'divey': False, 'intimate': None, 'trendy': None, 'upscale': None, 'classy': True, 'casual': None}"", 'BYOB': 'True', 'Alcohol': ""u'full_bar'"", 'ByAppointmentOnly': 'False', 'BestNights': ""{'monday': True, 'tuesday': False, 'friday': True, 'wednesday': True, 'thursday': False, 'sunday': False, 'saturday': False}"", 'Music': ""{u'dj': None, u'live': False, u'jukebox': None, u'video': False, u'background_music': False, u'karaoke': None, u'no_music': False}"", 'CoatCheck': 'True', 'OutdoorSeating': 'True', 'NoiseLevel': ""u'average'"", 'RestaurantsReservations': 'True', 'WheelchairAccessible': 'True', 'RestaurantsTableService': 'True', 'GoodForMeal': ""{'dessert': None, 'latenight': None, 'lunch': None, 'dinner': True, 'brunch': None, 'breakfast': None}"", 'RestaurantsDelivery': 'None', 'Corkage': 'True', 'HappyHour': 'True', 'BusinessParking': ""{'garage': False, 'street': False, 'validated': False, 'lot': False, 'valet': True}"", 'BusinessAcceptsCreditCards': 'True', 'Caters': 'False', 'HasTV': 'True', 'WiFi': ""u'free'"", 'RestaurantsGoodForGroups': 'True', 'RestaurantsTakeOut': 'True'}",Bars,2021
SVNXvY5IHD83J2I1syqlew,skY6r8WAkYqpV7_TxNm23w,5,0,0,0,"YUMMY! GET THE lobster truffle Mac and cheese it was soooo good ! Service and location was great and for good seafood, price was pretty reasonable",Santa Barbara,positive,34.40325738,-119.7437519,4,2536,"{'Alcohol': ""u'full_bar'"", 'WiFi': ""u'no'"", 'RestaurantsAttire': ""u'casual'"", 'GoodForKids': 'True', 'RestaurantsTakeOut': 'True', 'BusinessAcceptsCreditCards': 'True', 'HasTV': 'True', 'BusinessParking': ""{'garage': False, 'street': False, 'validated': False, 'lot': True, 'valet': False}"", 'OutdoorSeating': 'True', 'RestaurantsGoodForGroups': 'True', 'NoiseLevel': ""u'average'"", 'DogsAllowed': 'False', 'Caters': 'False', 'HappyHour': 'True', 'RestaurantsPriceRange2': '2', 'RestaurantsTableService': 'True', 'BikeParking': 'True', 'ByAppointmentOnly': 'False', 'GoodForMeal': ""{'dessert': None, 'latenight': False, 'lunch': True, 'dinner': True, 'brunch': True, 'breakfast': None}"", 'Ambience': ""{u'divey': False, u'hipster': False, u'casual': True, u'touristy': None, u'trendy': None, u'intimate': False, u'romantic': None, u'classy': None, u'upscale': False}"", 'RestaurantsDelivery': 'None', 'RestaurantsReservations': 'False'}",Seafood,2021
eWutJr2h_s_Tc2Ll5mO_WQ,8r_n8JdKQ0gePm2neSkL7A,2,1,0,0,"Got the cactus dragon and it's ok (3/5), but the person working in the front (the very fat lady) is the most unpleasant person and rude person that has ever served me food. Honestly makes the experience much worse.",Goleta,negative,34.429533,-119.872188,3,223,"{'OutdoorSeating': 'True', 'NoiseLevel': ""u'average'"", 'Ambience': ""{'romantic': False, 'intimate': False, 'touristy': False, 'hipster': False, 'divey': False, 'classy': False, 'trendy': False, 'upscale': False, 'casual': True}"", 'BikeParking': 'True', 'RestaurantsAttire': ""u'casual'"", 'Alcohol': ""u'beer_and_wine'"", 'RestaurantsTakeOut': 'True', 'BusinessParking': ""{'garage': False, 'street': True, 'validated': False, 'lot': False, 'valet': False}"", 'BusinessAcceptsCreditCards': 'True', 'WiFi': ""u'free'"", 'Caters': 'True', 'RestaurantsGoodForGroups': 'True', 'GoodForKids': 'True', 'RestaurantsReservations': 'False', 'HasTV': 'True', 'RestaurantsPriceRange2': '2', 'GoodForMeal': ""{'dessert': False, 'latenight': False, 'lunch': True, 'dinner': True, 'brunch': False, 'breakfast': False}"", 'RestaurantsDelivery': 'True', 'DogsAllowed': 'True'}",Sushi Bars,2020
SGwpyShEdycrxNA_dZ_HAA,SZU9c8V2GuREDN5KgyHFJw,5,1,1,1,"SO GOOD and dog friendly! First, we started off with the oyster shooters which were very delicious. I ordered the lobster tacos for my entree and they were AMAZING! My husband enjoyed the clam chowder bread bowl. We came here for dinner and the pier was so beautiful with twinkling lights from the boats and city. Next time I'm in Santa Barbara I will definitely return to enjoy more lobster!",Santa Barbara,positive,34.4087147,-119.6850187,4,2404,"{'OutdoorSeating': 'True', 'RestaurantsAttire': ""'casual'"", 'RestaurantsReservations': 'False', 'BusinessAcceptsCreditCards': 'True', 'NoiseLevel': ""u'average'"", 'RestaurantsPriceRange2': '2', 'RestaurantsGoodForGroups': 'False', 'WiFi': ""u'no'"", 'Alcohol': ""'beer_and_wine'"", 'RestaurantsTakeOut': 'True', 'BikeParking': 'True', 'BusinessParking': ""{'garage': False, 'street': False, 'validated': True, 'lot': False, 'valet': False}"", 'HasTV': 'False', 'ByAppointmentOnly': 'False', 'GoodForKids': 'True', 'Caters': 'False', 'Ambience': ""{'touristy': False, 'hipster': False, 'romantic': False, 'divey': False, 'intimate': False, 'trendy': False, 'upscale': False, 'classy': True, 'casual': True}"", 'RestaurantsDelivery': 'True', 'HappyHour': 'False', 'Music': ""{u'dj': False, u'live': False, u'jukebox': False, u'video': False, u'background_music': False, u'karaoke': False, u'no_music': False}"", 'GoodForMeal': ""{u'breakfast': False, u'brunch': None, u'lunch': True, u'dinner': True, u'latenight': False, u'dessert': False}"", 'CoatCheck': 'False', 'BestNights': ""{u'monday': False, u'tuesday': False, u'wednesday': False, u'thursday': False, u'friday': False, u'saturday': True, u'sunday': False}"", 'BusinessAcceptsBitcoin': 'False'}",Live/Raw Food,2020
ElFPf5X6_DnRo4FLOXTHYA,QlQR_he8iJKQ0ZXcXar2Gg,5,0,0,0,"Pete was very professional and courteous from the start. Fast and efficient service. Trustworthy and dependable. I didn't have any issues or reservations about my items not arriving on time. I moved from Ventura to Oakland and was very nervous. Pete and his team put me at ease. Communication was great and the 
service was very fast.",Santa Barbara,positive,34.4208305,-119.6981901,5,8,{'BusinessAcceptsCreditCards': 'True'},Home Services,2021
AnFX4DnmcXSlNcOuOLG9Nw,-9r8nAzWyRSLxBWt8uQOdA,3,12,5,11,"The very first time I went here was my first year of college at UCSB. I remember that time being super delicious and flavorful. However, every time I go there now, I am very disappointed by the lack of flavor in the chicken and vegetables. 

It is a great price though, especially for the portion sizes! You have to get the creamy Sriracha mayo and teriyaki sauce on the side! That is what gives the food the flavor, plus it's just super tasty.  

I personally recommend getting the mini size. The container looks small, but trust me it's more than enough! The only difference between the mini and the small is that the small has more meat!",Isla Vista,positive,34.41325182,-119.8564651,3,328,"{'NoiseLevel': ""u'average'"", 'RestaurantsGoodForGroups': 'True', 'RestaurantsReservations': 'False', 'Ambience': ""{'romantic': False, 'intimate': False, 'classy': False, 'hipster': False, 'divey': False, 'touristy': False, 'trendy': False, 'upscale': False, 'casual': True}"", 'BikeParking': 'True', 'Alcohol': ""u'none'"", 'Caters': 'True', 'RestaurantsAttire': ""u'casual'"", 'RestaurantsPriceRange2': '1', 'BusinessAcceptsCreditCards': 'True', 'HasTV': 'True', 'RestaurantsTakeOut': 'True', 'BusinessParking': ""{'garage': False, 'street': True, 'validated': False, 'lot': True, 'valet': False}"", 'GoodForMeal': ""{'dessert': False, 'latenight': False, 'lunch': True, 'dinner': True, 'brunch': False, 'breakfast': False}"", 'WiFi': ""u'free'"", 'RestaurantsDelivery': 'True', 'OutdoorSeating': 'None', 'GoodForKids': 'True'}",Vegan,2021
3knK-1tB5rCQV1EHSVURUA,V4zFdsULzaRFJmOyQsiH_Q,5,1,0,1,"My 1966 classic car hadn't been detailed since 1971. Despite a new paint job, the chrome looked lackluster. Daniel did an incredible job making this incredible vehicle look as good as she truly is! 

Both Tye and Daniel are prompt, efficient communicators and very personable to boot.",Santa Barbara,positive,34.4208305,-119.6981901,5,155,"{'BusinessAcceptsCreditCards': 'True', 'ByAppointmentOnly': 'True', 'WiFi': ""u'no'""}",Auto Detailing,2021
PuxbaB1KgK7ujPMRSMv0rw,U2hkeMI-q4cS35QolJYN0A,1,2,0,0,We have been going here for years and it was always great.  Last two times we were severally ill after dinner.  We contacted the manager Daryl to inform him that there was an issue and he brushed it off and said you didn't get food born illness here - even though that was the only place that we ate.   Bottom line is that their food made us sick two times and they were totally condescending when we called them to let them know of the issue.   This place has jumped the shark - there are many other new sushi restaurants in town that are way better alternatives.,Santa Barbara,negative,34.4238502,-119.7054774,4,980,"{'Caters': 'False', 'RestaurantsTakeOut': 'True', 'GoodForKids': 'False', 'BusinessAcceptsCreditCards': 'True', 'BYOBCorkage': ""'yes_corkage'"", 'Corkage': 'True', 'OutdoorSeating': 'True', 'RestaurantsPriceRange2': '3', 'RestaurantsAttire': ""'casual'"", 'WiFi': ""u'no'"", 'RestaurantsGoodForGroups': 'True', 'Alcohol': ""'beer_and_wine'"", 'NoiseLevel': ""u'average'"", 'HasTV': 'False', 'BikeParking': 'True', 'GoodForMeal': ""{'dessert': False, 'latenight': False, 'lunch': False, 'dinner': True, 'brunch': False, 'breakfast': False}"", 'Ambience': ""{'touristy': False, 'hipster': False, 'romantic': False, 'divey': False, 'intimate': False, 'trendy': False, 'upscale': False, 'classy': True, 'casual': False}"", 'BusinessAcceptsBitcoin': 'False', 'RestaurantsReservations': 'True', 'WheelchairAccessible': 'True', 'DogsAllowed': 'True', 'RestaurantsDelivery': 'False', 'RestaurantsTableService': 'True', 'BusinessParking': ""{'garage': True, 'street': True, 'validated': False, 'lot': False, 'valet': False}""}",Restaurants,2021
xrFMcSIKlVxPpq8ax24-vA,hdCu74rz33m3EgDmdDn1SA,4,0,0,0,"Always good! Our favorite is the pizza dog, but this time we also tried the hot Cheeto, jalapeño popper, & Mac and cheese dog. Definitely filling and did not disappoint!",Santa Barbara,positive,34.43024894,-119.6904097,4.5,53,"{'BusinessAcceptsBitcoin': 'False', 'Caters': 'True', 'BusinessAcceptsCreditCards': 'True', 'RestaurantsPriceRange2': '1', 'RestaurantsTableService': 'False', 'NoiseLevel': ""u'average'"", 'Alcohol': ""u'beer_and_wine'"", 'WiFi': ""u'no'"", 'Ambience': ""{u'divey': None, u'hipster': True, u'casual': True, u'touristy': None, u'trendy': True, u'intimate': None, u'romantic': None, u'classy': None, u'upscale': None}"", 'RestaurantsReservations': 'False', 'WheelchairAccessible': 'True', 'DogsAllowed': 'True', 'BikeParking': 'True', 'HasTV': 'True', 'RestaurantsTakeOut': 'True', 'HappyHour': 'True', 'OutdoorSeating': 'True', 'BusinessParking': ""{'garage': False, 'street': True, 'validated': False, 'lot': True, 'valet': False}"", 'RestaurantsGoodForGroups': 'True', 'RestaurantsDelivery': 'True'}",Hot Dogs,2020
CFto53bNPoPGRTEQmLcl7g,Slg6Ec2D7vEBRmgVUfwkzQ,4,0,0,0,"My husband and I came to Bacar to celebrate our honeymoon! We wanted to have some fine dining so we chose Angel Oak! Let me start off by saying that the outside seating has such a great and chill ambience. It's definitely a place to get dressed up for! The server brought us some prosecco to start off our celebration, which was very sweet. We ordered the spicy tuna on crispy rice, French onion soup, Caesar salad, and NY Steak! Everything was on point and delish! The Caesar salad was made with anchovies in the dressing and even tho I don't like the taste of anchovies, the salad was light and refreshing! The creme brûlée dessert was the best I've ever had! Highly recommend! The one negative thing I have to add is that the water tasted like dirt. Another table complained about the same thing! If that's a ruse for us to order bottled water, it worked.",Santa Barbara,positive,34.43416308,-119.9202039,4,202,"{'BikeParking': 'False', 'WiFi': ""u'free'"", 'RestaurantsPriceRange2': '4', 'RestaurantsGoodForGroups': 'True', 'BusinessAcceptsCreditCards': 'True', 'OutdoorSeating': 'True', 'BusinessParking': ""{'garage': False, 'street': False, 'validated': True, 'lot': False, 'valet': True}"", 'Alcohol': ""u'full_bar'"", 'Ambience': ""{'touristy': False, 'hipster': False, 'romantic': True, 'divey': False, 'intimate': True, 'trendy': False, 'upscale': True, 'classy': True, 'casual': False}"", 'WheelchairAccessible': 'True', 'DogsAllowed': 'False', 'GoodForKids': 'False', 'RestaurantsAttire': ""u'dressy'"", 'HasTV': 'False', 'RestaurantsDelivery': 'None', 'NoiseLevel': ""u'average'"", 'RestaurantsTableService': 'True', 'RestaurantsReservations': 'True', 'RestaurantsTakeOut': 'None', 'GoodForMeal': ""{'dessert': True, 'latenight': False, 'lunch': None, 'dinner': True, 'brunch': None, 'breakfast': None}""}",Restaurants,2020
fgpwob2ImQgoLX66P-9SAA,kN1Z5QTAPqDgi-GG1sqacA,5,0,0,0,"Used Santa Barbara Trolley for our wedding and we couldn't be happier about the whole experience. Booking was seamless and we had a wonderful driver - Rusty - who took a huge bridal party from the hotel to the Courthouse. He was thoughtful, patient and kind on a high stress day. All of our guests said it was one of their favorite parts of the day.",Santa Barbara,positive,34.4143026,-119.6871537,4.5,71,{'BusinessAcceptsCreditCards': 'True'},Event Planning & Services,2021
eCE6umKvpymS2pwMHPvS9g,z60bso_vtRiKL3H2SJyzUw,1,4,1,1,"I want to add my comments to so many others here  Dr Meller is a terrible, arrogant doctor.  He is rude and condescending and very intimidating. He's belittling, and just plain mean, unfriendly, condescending, and basically a jerk.  

I read all the reviews before I went to the clinic, but since my regular doctor's office is closed, I had to give in and make an appointment at the med center for an Xray.  

 But I am sure now that I will NEVER go back there if Dr. Meller is on duty. 

I would recommend that you avoid him at all costs.  No one deserves to be treated the way he treats his patients.",Santa Barbara,negative,34.4405714,-119.7266406,2,126,"{'ByAppointmentOnly': 'False', 'BusinessAcceptsCreditCards': 'True', 'AcceptsInsurance': 'True'}",Family Practice,2020
hoXkgBvv2elExhWLtks8Rw,Y0izXh4Dv1_YU68tn43Xiw,5,1,0,0,"We are VERY against Starbucks, and appreciate the smaller, local coffee shops that take the time and care about quality espresso.  There are only a few coffee houses that we frequent in Santa Barbara, and Handlebar is one of them!  Even when our European cousins come to town, we are literally there daily, on multiple occasions, for their espresso fix. 

We frequent the De La Vina location most, as we live in Goleta, and enjoy the larger outdoor patio that is pet-friendly.  

We also appreciate the Vegan menu item offered, Avocado Toast, that can be served with or without an egg on top. Make sure to ask for some salsa!",Santa Barbara,positive,34.4364214,-119.7255464,4.5,221,"{'OutdoorSeating': 'True', 'Caters': 'False', 'BusinessAcceptsCreditCards': 'True', 'WheelchairAccessible': 'True', 'BikeParking': 'True', 'Alcohol': ""'beer_and_wine'"", 'RestaurantsTakeOut': 'None', 'RestaurantsPriceRange2': '2', 'DogsAllowed': 'True', 'WiFi': ""'free'"", 'NoiseLevel': ""u'average'"", 'Music': ""{'dj': False, 'background_music': False, 'no_music': False, 'jukebox': False, 'live': False, 'video': False, 'karaoke': False}"", 'BusinessParking': ""{'garage': False, 'street': True, 'validated': False, 'lot': True, 'valet': False}"", 'GoodForKids': 'True', 'RestaurantsDelivery': 'False', 'Ambience': ""{'touristy': False, 'hipster': False, 'romantic': False, 'divey': False, 'intimate': False, 'trendy': False, 'upscale': False, 'classy': False, 'casual': False}""}",Bars,2020
P-BpT01YFvEhGfdzz5jihQ,pTTmQ0cvTYhuNl86tk-7Pw,5,0,0,0,"Hard to get a hold of a plumber in SB.  I got lucky.  I ended up with Rooter Solution because they answered the phone and set up an appointment immediately.  My tech was Miguel Campos and he was polite, professional and efficient.  He knew his stuff and explained everything along the way and fixed my drain issue.

I liked that he made completely sure that there were no issues under the cabinet before he wrapped things up.

The best part was that Miguel was ultra tidy and probably left the area cleaner than when he found it.  Our issue was upstairs he was careful to make sure he covered his shoes and even wore his mask through the whole repair.

This was done just today so I'll update if there is any issues with the repair but it looks good so far.

Techs like that make me want to use Rooter Solutions again.  I highly recommend Miguel Campos and Rooter Solutions for your drain problems.",Santa Barbara,positive,34.4217314,-119.6987907,4,50,"{'BusinessAcceptsCreditCards': 'True', 'ByAppointmentOnly': 'True'}",Water Heater Installation/Repair,2020
s0PMCjpGvvtF51bfO2qYIA,xEjPCUocVTNszm3D39qmYg,5,0,0,0,"A truly amazing experience from start to finish! I ordered online from LA. I had been looking to support a small WOMXN owned business and found Pura Luna online and am so grateful I did!Their online shop was easy to navigate, they have an extremely empowering selection of thoughtfully selected and curated goods. Within an hour or so of checking out, one of the owners texted me and asked if I would like to include a personalized note for my Aunt whom I had purchased the gift for; wow! Unparalleled customer service. The gift arrived within two business days and was gorgeously wrapped with a hand written note. 10/10 would recommend.",Santa Barbara,positive,34.4172786,-119.6991415,5,15,"{'BusinessAcceptsCreditCards': 'True', 'BusinessParking': ""{u'valet': False, u'garage': True, u'street': True, u'lot': False, u'validated': False}"", 'RestaurantsTakeOut': 'False', 'ByAppointmentOnly': 'False', 'WheelchairAccessible': 'False', 'DogsAllowed': 'False'}",Beauty & Spas,2020
qt0HSrkYbi_FO-gmVPfqlA,6RBZfirnzE4NahJTn1UPNA,5,0,0,0,"Lomito suizo (#11 pork and gooey melted cheese between 2 handmade tortillas, looking almost like a pupusa) is the best thing of all the good things I tried (tacos, pork & vegetable tamale, enchilada). We'd never heard of it elsewhere, but after trying it on a whim on a previous visit, my brother-in-law craved it so much that he ordered 5. It looks taco sized but is maybe a tad more filling. 

Cash only. Very easy on the wallet.",Santa Barbara,positive,34.4279428,-119.6872838,4,1759,"{'BusinessAcceptsCreditCards': 'False', 'RestaurantsAttire': ""'casual'"", 'RestaurantsReservations': 'False', 'BYOBCorkage': ""'yes_free'"", 'RestaurantsPriceRange2': '1', 'GoodForKids': 'True', 'Caters': 'False', 'Corkage': 'False', 'Alcohol': ""'beer_and_wine'"", 'RestaurantsGoodForGroups': 'True', 'NoiseLevel': ""u'average'"", 'WiFi': ""u'no'"", 'BikeParking': 'True', 'Ambience': ""{'touristy': False, 'hipster': False, 'romantic': False, 'divey': False, 'intimate': False, 'trendy': False, 'upscale': False, 'classy': True, 'casual': True}"", 'BusinessParking': ""{'garage': False, 'street': True, 'validated': False, 'lot': True, 'valet': False}"", 'HasTV': 'True', 'DriveThru': 'False', 'GoodForMeal': ""{'dessert': False, 'latenight': False, 'lunch': True, 'dinner': True, 'brunch': False, 'breakfast': False}"", 'RestaurantsTableService': 'False', 'RestaurantsDelivery': 'None', 'HappyHour': 'False', 'OutdoorSeating': 'True', 'RestaurantsTakeOut': 'None', 'DogsAllowed': 'True'}",Restaurants,2021
_zpuZHR2axgZwrPQrj7nmw,WxAIpTgD1tK_DgzwQ3Dgww,1,0,0,0,The guy literally put pee on me. My dog accidentally peed. And to prove it the cashier put pee on me to test it. Literally. When we live in covid that is assaulted.,Santa Barbara,negative,34.4227267,-119.667963,2,8,"{'BikeParking': 'True', 'BusinessParking': ""{'garage': False, 'street': False, 'validated': False, 'lot': False, 'valet': False}"", 'RestaurantsPriceRange2': '2', 'BusinessAcceptsCreditCards': 'True', 'RestaurantsTakeOut': 'False'}",Restaurants,2021
w7Ox0CjwMLQywisLAaMAMA,krTxH1a9kzWgwvt3PVH8pQ,4,0,1,1,"Everything is on the expensive side, but tastes really good! I love the zookers chicken sandwich, cobb salad, and especially the curry chicken salad. Great service, too.",Carpinteria,positive,34.3955443,-119.5139122,4.5,318,"{'RestaurantsTakeOut': 'True', 'HasTV': 'False', 'NoiseLevel': ""u'average'"", 'Alcohol': ""'beer_and_wine'"", 'RestaurantsGoodForGroups': 'True', 'BusinessAcceptsCreditCards': 'True', 'Caters': 'True', 'RestaurantsPriceRange2': '2', 'RestaurantsAttire': ""'casual'"", 'BikeParking': 'False', 'GoodForKids': 'True', 'RestaurantsReservations': 'True', 'BusinessAcceptsBitcoin': 'False', 'GoodForMeal': ""{'dessert': False, 'latenight': False, 'lunch': True, 'dinner': True, 'brunch': False, 'breakfast': False}"", 'WiFi': ""u'free'"", 'Ambience': ""{'touristy': False, 'hipster': False, 'romantic': False, 'divey': False, 'intimate': None, 'trendy': False, 'upscale': False, 'classy': None, 'casual': True}"", 'BusinessParking': ""{'garage': False, 'street': False, 'validated': False, 'lot': True, 'valet': False}"", 'Music': ""{'dj': False, 'background_music': False, 'no_music': False, 'jukebox': False, 'live': False, 'video': False, 'karaoke': False}"", 'RestaurantsDelivery': 'True', 'BestNights': ""{'monday': False, 'tuesday': True, 'friday': False, 'wednesday': False, 'thursday': True, 'sunday': False, 'saturday': False}"", 'GoodForDancing': 'False', 'HappyHour': 'False', 'CoatCheck': 'False', 'OutdoorSeating': 'None'}",American (Traditional),2021
EA4JCygVdbUpkp40282M1g,MwJsk91FJ73YzzmpVaJihQ,5,0,0,0,It was raining and we were looking for a warm meal. Staff was extremely friendly as we ordered at the counter. My husband and I spilt the chicken fajitas and it was perfect with a side of beans and rice. Tortillas seemed handmade and the salsas were delicious. Hibiscus margarita was fantastic!!,Santa Barbara,positive,34.4220557,-119.7037481,4,448,"{'Alcohol': ""'beer_and_wine'"", 'RestaurantsTakeOut': 'True', 'BusinessParking': ""{'garage': False, 'street': True, 'validated': False, 'lot': False, 'valet': False}"", 'BusinessAcceptsCreditCards': 'True', 'RestaurantsPriceRange2': '2', 'RestaurantsReservations': 'False', 'GoodForKids': 'True', 'RestaurantsDelivery': 'True', 'Caters': 'True', 'BikeParking': 'True', 'NoiseLevel': ""u'average'"", 'HasTV': 'False', 'RestaurantsAttire': ""'casual'"", 'RestaurantsGoodForGroups': 'True', 'GoodForMeal': ""{'dessert': False, 'latenight': False, 'lunch': True, 'dinner': True, 'brunch': False, 'breakfast': False}"", 'DogsAllowed': 'False', 'HappyHour': 'True', 'Music': ""{'dj': None, 'background_music': False, 'no_music': False, 'jukebox': None, 'live': False, 'video': False, 'karaoke': None}"", 'CoatCheck': 'False', 'DriveThru': 'False', 'Ambience': ""{'touristy': False, 'hipster': False, 'romantic': False, 'divey': False, 'intimate': False, 'trendy': False, 'upscale': False, 'classy': True, 'casual': True}"", 'OutdoorSeating': 'True', 'WiFi': ""u'no'"", 'BestNights': ""{u'monday': True, u'tuesday': False, u'wednesday': False, u'thursday': False, u'friday': False, u'saturday': False, u'sunday': False}""}",Restaurants,2021
2S8CFkcd-kvmgBkrACZtnw,jRovk1G99y8SNzlUX8N2zQ,5,0,0,0,We got the best massage and facial we ever had with Sharon. And we travel all over the world. We highly recommend this beautiful kind lady.,Santa Barbara,positive,34.4268169,-119.7088035,4.5,40,"{'ByAppointmentOnly': 'True', 'AcceptsInsurance': 'False', 'WiFi': ""u'free'"", 'BusinessAcceptsCreditCards': 'True'}",Health & Medical,2020
Vgvsdf8ZOjqTa_3rR9AwWw,tthy48ZIX_wfY8Dy0Dvg6w,4,0,0,0,Dinner was good. The roasted chicken tasted great and the pan jus was very flavorful! They did a nice job keeping us feeling safe with as normal a dining experience as possible. Dillon was our waiter and made the whole experience enjoyable.,Santa Barbara,positive,34.423983,-119.70586,4.5,1452,"{'Corkage': 'True', 'BusinessParking': ""{'garage': False, 'street': True, 'validated': False, 'lot': False, 'valet': False}"", 'RestaurantsGoodForGroups': 'True', 'Alcohol': ""u'beer_and_wine'"", 'BusinessAcceptsCreditCards': 'True', 'HasTV': 'False', 'BYOBCorkage': ""'yes_corkage'"", 'RestaurantsDelivery': 'False', 'GoodForKids': 'False', 'RestaurantsPriceRange2': '3', 'RestaurantsReservations': 'True', 'NoiseLevel': ""u'average'"", 'Caters': 'False', 'BikeParking': 'True', 'OutdoorSeating': 'True', 'GoodForMeal': ""{'dessert': False, 'latenight': False, 'lunch': False, 'dinner': True, 'brunch': False, 'breakfast': False}"", 'BusinessAcceptsBitcoin': 'False', 'WiFi': ""u'free'"", 'RestaurantsTakeOut': 'False', 'WheelchairAccessible': 'True', 'RestaurantsTableService': 'True', 'HappyHour': 'False', 'Ambience': ""{'touristy': False, 'hipster': False, 'romantic': True, 'divey': False, 'intimate': False, 'trendy': False, 'upscale': False, 'classy': True, 'casual': False}"", 'RestaurantsAttire': ""u'casual'""}",Seafood,2020
sqz-wXssOLK5mHtIxKy7rg,znlrxrY4InSx7ekPZxoHRw,5,1,0,1,"My girls and I were looking for some ice cream after our lunch date. A quick Yelp search later led us to McConnell's. There was a line of people waiting to place their order. I think we waited ago 15 minutes. Was it worth it? YUP. 

We all got the same flavor: earl grey tea with shortbread cookies. I added sea salt caramel to mine. The ice cream was BOMB. I would highly recommend it to all my fellow tea lovers! I would, however, skip on the caramel. It coagulated after melting my ice cream :(  
The caramel itself was good, though. 

Too bad there aren't any locations in NorCal! Otherwise, I'd frequent this place pretty often.",Santa Barbara,positive,34.4194911,-119.6987739,4.5,1537,"{'RestaurantsPriceRange2': '2', 'BusinessAcceptsCreditCards': 'True', 'BikeParking': 'True', 'WiFi': ""u'no'"", 'RestaurantsAttire': ""'casual'"", 'Caters': 'True', 'NoiseLevel': ""u'average'"", 'RestaurantsReservations': 'False', 'DogsAllowed': 'False', 'Ambience': ""{'romantic': False, 'intimate': False, 'classy': False, 'hipster': False, 'divey': False, 'touristy': False, 'trendy': False, 'upscale': False, 'casual': False}"", 'RestaurantsTakeOut': 'True', 'RestaurantsDelivery': 'True', 'DriveThru': 'None', 'GoodForKids': 'True', 'BusinessParking': ""{'garage': False, 'street': True, 'validated': False, 'lot': True, 'valet': False}""}",Food,2020
Yq9nx7r5Km7d92QlAifuWQ,COSC9JC0Vjr89CaTZuPkUA,2,1,0,0,2 stars because this ramen place has some of the best broth & eggs. 0 stars because every time I come I get really poor service. I know they are busy but sometimes they straight up ignore me and I have to flag them down. I get my order wrong a lot when it is the girl waitress because she's always in a rush. I've spent a lot of money here & it just gets frustrating. I have found a new spot in Goleta and the service there is great- Nikki Ramen.,Santa Barbara,negative,34.41672516,-119.6952347,4,477,"{'NoiseLevel': ""u'average'"", 'DogsAllowed': 'True', 'RestaurantsTableService': 'True', 'HasTV': 'True', 'RestaurantsTakeOut': 'True', 'Caters': 'False', 'BusinessAcceptsCreditCards': 'True', 'BusinessParking': ""{'garage': False, 'street': True, 'validated': False, 'lot': True, 'valet': False}"", 'Alcohol': ""'beer_and_wine'"", 'BikeParking': 'True', 'GoodForMeal': ""{'dessert': None, 'latenight': None, 'lunch': True, 'dinner': True, 'brunch': None, 'breakfast': False}"", 'GoodForKids': 'True', 'RestaurantsReservations': 'True', 'RestaurantsAttire': ""'casual'"", 'OutdoorSeating': 'True', 'HappyHour': 'True', 'WiFi': ""u'free'"", 'Ambience': ""{u'divey': None, u'hipster': True, u'casual': True, u'touristy': None, u'trendy': None, u'intimate': None, u'romantic': None, u'classy': False, u'upscale': False}"", 'RestaurantsPriceRange2': '2', 'RestaurantsDelivery': 'True', 'RestaurantsGoodForGroups': 'True'}",Ramen,2021
Z4Red1Dv5gMTtLFDHecOOw,wK9fSzKe4QsavkXUT4PHIg,5,0,0,0,"These guys know how to do business--they're family owned and understand the value of quality service.  After moving to Santa Barbara and having a number of bad experiences at other shops, I've definitely found my go-to place for car maintenance. Always quick, reliable, and convenient!",Santa Barbara,positive,34.4353513,-119.7254839,4.5,109,"{'BusinessAcceptsCreditCards': 'True', 'ByAppointmentOnly': 'False', 'WiFi': ""u'free'""}",Auto Parts & Supplies,2020
eCS4vRmzg2W1trBgK8M0hw,BErYojCJSO959vzaz9JclQ,5,0,0,0,The food is excellent! They have gluten free options which I like. The potatoes were some of the very best I have ever had! Great coffee too!!!!!,Santa Barbara,positive,34.4219321,-119.7040745,4.5,571,"{'RestaurantsTakeOut': 'True', 'OutdoorSeating': 'True', 'BikeParking': 'True', 'Caters': 'True', 'RestaurantsAttire': ""u'casual'"", 'WiFi': ""u'free'"", 'BusinessParking': ""{'garage': False, 'street': True, 'validated': False, 'lot': True, 'valet': False}"", 'RestaurantsReservations': 'False', 'RestaurantsGoodForGroups': 'True', 'BusinessAcceptsCreditCards': 'True', 'GoodForKids': 'True', 'RestaurantsPriceRange2': '2', 'Alcohol': ""u'beer_and_wine'"", 'ByAppointmentOnly': 'False', 'NoiseLevel': ""u'average'"", 'GoodForMeal': ""{'dessert': False, 'latenight': False, 'lunch': True, 'dinner': False, 'brunch': True, 'breakfast': True}"", 'Ambience': ""{'touristy': False, 'hipster': False, 'romantic': False, 'divey': False, 'intimate': False, 'trendy': False, 'upscale': False, 'classy': True, 'casual': True}"", 'DogsAllowed': 'True', 'RestaurantsTableService': 'False', 'HasTV': 'False', 'WheelchairAccessible': 'True', 'BYOB': 'False', 'RestaurantsDelivery': 'True'}",Restaurants,2020
ZX6vqRJe8xKlGEDqmUvrpQ,XFsl-5fa1mI1bZioUJPyeg,5,0,0,0,"Where to even begin!? Shawna came highly recommended to me by many friends who work in the wedding business - and they were right to recommend her. From the very start, she was engaged, responsive,  organized and had a great energy/outlook. We met several times and had phone calls when we were not able to meet in person. She helped me bring to life the wedding that my husband and I envisioned. Not only is she detail oriented, but she can piece together seamlessly all the moving parts of the rehearsal and day of.  She dealt with our large bridal party (8 on each of our sides) and our crazy families with poise and grace. Not one time did I have to worry about what was happening or if anything was going wrong, because Shawna had it all handled. From start to finish, Shawna and her team ROCKED. She and her team were there before anyone else and were the last to leave. I couldn't imagine how our day would have turned out without them! 1000% would recommend.",Santa Barbara,positive,34.4208305,-119.6981901,5,25,{'BusinessAcceptsCreditCards': 'False'},Party & Event Planning,2020
VFgyyhRdTQn6rDNr1VJMmA,pyFEy1qXkmYJDHxVvpK7cA,5,0,0,0,nice food overall. Hope the price of the rice should be waived.,Santa Barbara,positive,34.43772962,-119.726329,4,75,"{'RestaurantsTableService': 'True', 'Alcohol': ""u'none'"", 'RestaurantsGoodForGroups': 'True', 'WiFi': ""u'free'"", 'DogsAllowed': 'False', 'HasTV': 'False', 'RestaurantsReservations': 'True', 'BusinessAcceptsCreditCards': 'True', 'RestaurantsAttire': ""'casual'"", 'BusinessParking': ""{u'valet': False, u'garage': None, u'street': True, u'lot': True, u'validated': False}"", 'RestaurantsDelivery': 'None', 'RestaurantsTakeOut': 'None', 'GoodForMeal': ""{'dessert': False, 'latenight': False, 'lunch': False, 'dinner': False, 'brunch': False, 'breakfast': False}"", 'GoodForKids': 'True', 'RestaurantsPriceRange2': '2', 'WheelchairAccessible': 'True', 'Ambience': ""{u'divey': None, u'hipster': None, u'casual': None, u'touristy': None, u'trendy': None, u'intimate': None, u'romantic': False, u'classy': None, u'upscale': None}"", 'OutdoorSeating': 'None', 'Caters': 'True', 'BusinessAcceptsBitcoin': 'False'}",Chinese,2020
WTS-8xbItLfBLKslZzU-zg,E7RtIisUoRMcADSebBgNAA,4,0,0,0,"Memorial Day weekend lunch in SB! We waited 30 minutes and we were quoted 40; not bad. We enjoyed beautiful views of the ocean by the window. Tables were spaced nicely. Service was a little slow, but pleasant. We enjoyed clam chowder, oysters, ahi poke and mahi mahi salad with wine. Definitely satisfied our seafood craving by the sea!",Santa Barbara,positive,34.4136026,-119.6880758,3.5,1140,"{'GoodForKids': 'True', 'HasTV': 'True', 'RestaurantsTakeOut': 'True', 'RestaurantsPriceRange2': '2', 'BusinessParking': ""{'garage': False, 'street': False, 'validated': False, 'lot': True, 'valet': True}"", 'RestaurantsAttire': ""'casual'"", 'RestaurantsReservations': 'True', 'Alcohol': ""u'full_bar'"", 'BikeParking': 'True', 'BusinessAcceptsCreditCards': 'True', 'WiFi': ""u'free'"", 'RestaurantsGoodForGroups': 'True', 'OutdoorSeating': 'True', 'NoiseLevel': ""u'average'"", 'Caters': 'False', 'ByAppointmentOnly': 'False', 'BusinessAcceptsBitcoin': 'False', 'RestaurantsTableService': 'True', 'BYOBCorkage': ""'no'"", 'RestaurantsDelivery': 'True', 'Ambience': ""{u'divey': False, u'hipster': False, u'casual': True, u'touristy': None, u'trendy': None, u'intimate': False, u'romantic': False, u'classy': None, u'upscale': False}"", 'GoodForMeal': ""{'dessert': False, 'latenight': False, 'lunch': None, 'dinner': True, 'brunch': None, 'breakfast': False}"", 'HappyHour': 'True'}",Tapas/Small Plates,2021
TmDhynxFB0oNxucqx_LXhg,7qaewBVVl0lOfZPTvtR53w,4,0,0,0,"Good work, clean salon, masks worn by technicians and customers. A little pricey but worth it. Support local business.",Goleta,positive,34.440612,-119.8262779,4,134,"{'BikeParking': 'True', 'BusinessParking': ""{'garage': False, 'street': False, 'validated': False, 'lot': False, 'valet': False}"", 'RestaurantsPriceRange2': '2', 'WiFi': ""u'free'"", 'ByAppointmentOnly': 'False', 'WheelchairAccessible': 'True', 'BusinessAcceptsCreditCards': 'True'}",Beauty & Spas,2021
XIqaYWzdaIHd0LW3szU14A,uaiO5FEJvzhZrEs0ILYNZw,5,0,0,0,"I can only get manicures on the go, I never really plan them out ahead of time due to my busy schedules. I had no idea they were closed because their open sign was still on and blinking. They were so accommodating when I asked to get a manicure. I had to pull in my boyfriend to also get a manicure so it'd be worth their time to continue to remain open. The lady who did my nails was very detail oriented and I've never had my nails look this great in town. Even though on the pricier side, it's literally the best that I'll probably be coming back as long as my schedule aligns with their times!",Santa Barbara,positive,34.420107,-119.699574,3.5,57,"{'BusinessAcceptsCreditCards': 'True', 'WiFi': ""u'free'""}",Beauty & Spas,2020
